id,country,country_code,continent,destination,activity_name,category,description,best_season,recommended_duration_hours,budget_tier_estimate,family_friendly,traveler_types,keywords,source_official,source_title,source_url,rag_text
JP001,Japan,JP,Asia,Tokyo,See Shibuya Crossing and nearby city districts,urban_landmarks,"Best for travelers who want a fast-paced intro to modern Tokyo, people-watching, shopping, food, and nightlife in central neighborhoods.","spring, autumn",4,medium,yes,first_time_visitors|foodies|city_explorers,"Tokyo, Shibuya, city, nightlife, shopping, food, modern Japan",yes,15 Awesome Things to Do in Tokyo,https://www.japan.travel/en/au/story/15-awesome-things-do-tokyo/,"Japan - Tokyo. Activity: See Shibuya Crossing and nearby city districts. Category: urban landmarks. Best for travelers who want a fast-paced intro to modern Tokyo, people-watching, shopping, food, and nightlife in central neighborhoods. Best time: spring, autumn. Budget: medium. Good for: first_time_visitors, foodies, city_explorers. Keywords: Tokyo, Shibuya, city, nightlife, shopping, food, modern Japan."
JP002,Japan,JP,Asia,Kyoto,"Explore shrines, temples, and historic streets",cultural_heritage,"A strong fit for travelers looking for classic Japanese history, traditional neighborhoods, temples, shrines, and a slower cultural pace.","spring, autumn",6,medium,yes,culture_seekers|first_time_visitors|photographers,"Kyoto, temples, shrines, historic streets, culture, heritage, Japan",yes,Kyoto | Kansai | Destinations,https://www.japan.travel/en/destinations/kansai/kyoto/,"Japan - Kyoto. Activity: Explore shrines, temples, and historic streets. Category: cultural heritage. A strong fit for travelers looking for classic Japanese history, traditional neighborhoods, temples, shrines, and a slower cultural pace. Best time: spring, autumn. Budget: medium. Good for: culture_seekers, first_time_visitors, photographers. Keywords: Kyoto, temples, shrines, historic streets, culture, heritage, Japan."
JP003,Japan,JP,Asia,Osaka,Visit Osaka Castle and Dotonbori,city_highlights,"Great for travelers who want a mix of major landmarks, street food, nightlife, and lively entertainment in Kansai.","spring, autumn",5,medium,yes,foodies|city_explorers|groups,"Osaka, Dotonbori, Osaka Castle, street food, nightlife, Kansai",yes,"Kansai Itinerary | Osaka, Dotonbori & Historic Temples",https://www.japan.travel/en/in/itineraries/kansai-new/,"Japan - Osaka. Activity: Visit Osaka Castle and Dotonbori. Category: city highlights. Great for travelers who want a mix of major landmarks, street food, nightlife, and lively entertainment in Kansai. Best time: spring, autumn. Budget: medium. Good for: foodies, city_explorers, groups. Keywords: Osaka, Dotonbori, Osaka Castle, street food, nightlife, Kansai."
FR001,France,FR,Europe,Paris,"See Eiffel Tower, Notre-Dame, and classic central neighborhoods",city_highlights,"Ideal for first-time visitors who want iconic landmarks, museums, historic neighborhoods, and a walkable city experience.","spring, early autumn",6,high,yes,first_time_visitors|couples|art_lovers,"Paris, Eiffel Tower, Notre-Dame, Louvre, Montmartre, city break",yes,Paris - Explore France,https://www.france.fr/en/destination/paris/,"France - Paris. Activity: See Eiffel Tower, Notre-Dame, and classic central neighborhoods. Category: city highlights. Ideal for first-time visitors who want iconic landmarks, museums, historic neighborhoods, and a walkable city experience. Best time: spring, early autumn. Budget: high. Good for: first_time_visitors, couples, art_lovers. Keywords: Paris, Eiffel Tower, Notre-Dame, Louvre, Montmartre, city break."
FR002,France,FR,Europe,Loire Valley,Tour Loire Valley châteaux,cultural_heritage,"Recommended for travelers interested in castles, French Renaissance history, gardens, and scenic countryside day trips.","spring, summer, early autumn",8,medium,yes,history_lovers|families|road_trippers,"Loire Valley, castles, chateaux, Chambord, Chenonceau, gardens",yes,Loire Valley - Explore France,https://www.france.fr/en/destination/loire-valley/,"France - Loire Valley. Activity: Tour Loire Valley châteaux. Category: cultural heritage. Recommended for travelers interested in castles, French Renaissance history, gardens, and scenic countryside day trips. Best time: spring, summer, early autumn. Budget: medium. Good for: history_lovers, families, road_trippers. Keywords: Loire Valley, castles, chateaux, Chambord, Chenonceau, gardens."
FR003,France,FR,Europe,Bordeaux,Follow a wine route and explore the historic center,food_and_wine,"A solid option for travelers interested in wine regions, gastronomy, elegant architecture, and relaxed city wandering.","spring, autumn",6,high,moderate,foodies|couples|slow_travelers,"Bordeaux, wine, vineyards, gastronomy, historic center, France",yes,Bordeaux: Uncork a lifetime of experiences,https://www.france.fr/en/article/bordeaux-what-to-do-what-to-see/,"France - Bordeaux. Activity: Follow a wine route and explore the historic center. Category: food and wine. A solid option for travelers interested in wine regions, gastronomy, elegant architecture, and relaxed city wandering. Best time: spring, autumn. Budget: high. Good for: foodies, couples, slow_travelers. Keywords: Bordeaux, wine, vineyards, gastronomy, historic center, France."
IT001,Italy,IT,Europe,Rome,Explore ancient Rome and major landmarks,cultural_heritage,"Best for travelers who want archaeological sites, famous squares, churches, and a dense concentration of historic landmarks.","spring, autumn",8,medium,yes,history_lovers|first_time_visitors|culture_seekers,"Rome, Colosseum, Roman Forum, piazzas, history, Italy",yes,Rome: Attractions to see & Things to do,https://www.italia.it/en/lazio/rome,"Italy - Rome. Activity: Explore ancient Rome and major landmarks. Category: cultural heritage. Best for travelers who want archaeological sites, famous squares, churches, and a dense concentration of historic landmarks. Best time: spring, autumn. Budget: medium. Good for: history_lovers, first_time_visitors, culture_seekers. Keywords: Rome, Colosseum, Roman Forum, piazzas, history, Italy."
IT002,Italy,IT,Europe,Florence,Visit Renaissance landmarks and major museums,arts_and_museums,"Well suited to art lovers and short city-break travelers looking for museums, piazzas, architecture, and walkable streets.","spring, autumn",6,medium,yes,art_lovers|couples|culture_seekers,"Florence, Uffizi, Renaissance, museums, Tuscany, architecture",yes,Visit Florence: Things to do & Attractions - Tuscany,https://www.italia.it/en/tuscany/florence,"Italy - Florence. Activity: Visit Renaissance landmarks and major museums. Category: arts and museums. Well suited to art lovers and short city-break travelers looking for museums, piazzas, architecture, and walkable streets. Best time: spring, autumn. Budget: medium. Good for: art_lovers, couples, culture_seekers. Keywords: Florence, Uffizi, Renaissance, museums, Tuscany, architecture."
IT003,Italy,IT,Europe,Amalfi Coast,Visit scenic coastal towns and sea viewpoints,coastal_scenery,"A good match for travelers chasing dramatic coastal views, charming towns, leisurely dining, and photo-friendly seaside routes.","late spring, summer, early autumn",8,high,yes,couples|luxury_travelers|road_trippers,"Amalfi Coast, Positano, sea views, coastal towns, Campania, Italy",yes,The Amalfi Coast: what to see in UNESCO heritage,https://www.italia.it/en/campania/things-to-do/the-amalfi-coast,"Italy - Amalfi Coast. Activity: Visit scenic coastal towns and sea viewpoints. Category: coastal scenery. A good match for travelers chasing dramatic coastal views, charming towns, leisurely dining, and photo-friendly seaside routes. Best time: late spring, summer, early autumn. Budget: high. Good for: couples, luxury_travelers, road_trippers. Keywords: Amalfi Coast, Positano, sea views, coastal towns, Campania, Italy."
ES001,Spain,ES,Europe,Barcelona,Discover Gaudí architecture and the Gothic Quarter,city_highlights,"Great for travelers who want architecture, design, urban culture, food, and a city-with-beach atmosphere.","spring, early autumn",6,medium,yes,first_time_visitors|art_lovers|city_explorers,"Barcelona, Gaudi, Gothic Quarter, architecture, food, Spain",yes,"Barcelona, what to see and do",https://www.spain.info/en/destination/barcelona/,"Spain - Barcelona. Activity: Discover Gaudí architecture and the Gothic Quarter. Category: city highlights. Great for travelers who want architecture, design, urban culture, food, and a city-with-beach atmosphere. Best time: spring, early autumn. Budget: medium. Good for: first_time_visitors, art_lovers, city_explorers. Keywords: Barcelona, Gaudi, Gothic Quarter, architecture, food, Spain."
ES002,Spain,ES,Europe,Madrid,"Visit museums, plazas, and central city sights",arts_and_museums,"Recommended for travelers who want world-class museums, lively plazas, shopping streets, and classic urban sightseeing.","spring, autumn",6,medium,yes,art_lovers|city_explorers|weekend_travelers,"Madrid, museums, plazas, Puerta del Sol, Royal Palace, Spain",yes,Tourism in Madrid: what to do in Madrid,https://www.spain.info/en/destination/madrid/,"Spain - Madrid. Activity: Visit museums, plazas, and central city sights. Category: arts and museums. Recommended for travelers who want world-class museums, lively plazas, shopping streets, and classic urban sightseeing. Best time: spring, autumn. Budget: medium. Good for: art_lovers, city_explorers, weekend_travelers. Keywords: Madrid, museums, plazas, Puerta del Sol, Royal Palace, Spain."
ES003,Spain,ES,Europe,Seville,"Explore the cathedral, Alcázar area, and tapas culture",cultural_heritage,"A strong pick for travelers interested in Andalusian character, historic monuments, gardens, and food-focused city walks.","spring, autumn",6,medium,yes,culture_seekers|foodies|couples,"Seville, cathedral, Alcazar, Plaza de Espana, tapas, Andalusia",yes,Tourism in Seville. What to see,https://www.spain.info/en/destination/seville/,"Spain - Seville. Activity: Explore the cathedral, Alcázar area, and tapas culture. Category: cultural heritage. A strong pick for travelers interested in Andalusian character, historic monuments, gardens, and food-focused city walks. Best time: spring, autumn. Budget: medium. Good for: culture_seekers, foodies, couples. Keywords: Seville, cathedral, Alcazar, Plaza de Espana, tapas, Andalusia."
TH001,Thailand,TH,Asia,Bangkok,"Temple circuit including Wat Pho, Wat Arun, and the Grand Palace area",cultural_heritage,"Best for first-time visitors who want famous temples, river views, street food, and a high-energy city introduction.",cool season (november to february),6,low,yes,first_time_visitors|budget_travelers|culture_seekers,"Bangkok, temples, Wat Pho, Wat Arun, Grand Palace, Thailand",yes,Bangkok - Tourism Authority of Thailand,https://www.tourismthailand.org/Destinations/Provinces/Bangkok/219,"Thailand - Bangkok. Activity: Temple circuit including Wat Pho, Wat Arun, and the Grand Palace area. Category: cultural heritage. Best for first-time visitors who want famous temples, river views, street food, and a high-energy city introduction. Best time: cool season (november to february). Budget: low. Good for: first_time_visitors, budget_travelers, culture_seekers. Keywords: Bangkok, temples, Wat Pho, Wat Arun, Grand Palace, Thailand."
TH002,Thailand,TH,Asia,Phuket,Beach hop and catch sunset viewpoints,beaches_and_islands,"Good for travelers looking for beaches, viewpoints, nightlife, and an easy resort-style island base.",dry season (november to april),8,medium,yes,beach_lovers|groups|leisure_travelers,"Phuket, beaches, viewpoints, sunset, nightlife, island, Thailand",yes,Phuket,https://www.tourismthailand.org/Destinations/Provinces/Phuket/350,"Thailand - Phuket. Activity: Beach hop and catch sunset viewpoints. Category: beaches and islands. Good for travelers looking for beaches, viewpoints, nightlife, and an easy resort-style island base. Best time: dry season (november to april). Budget: medium. Good for: beach_lovers, groups, leisure_travelers. Keywords: Phuket, beaches, viewpoints, sunset, nightlife, island, Thailand."
TH003,Thailand,TH,Asia,Chiang Mai,Visit Doi Suthep and local walking streets,culture_and_markets,"A strong fit for travelers who want temples, handicrafts, mountain-city scenery, and a calmer pace than Bangkok.",cool season (november to february),6,low,yes,culture_seekers|digital_nomads|budget_travelers,"Chiang Mai, Doi Suthep, walking street, markets, temples, Thailand",yes,Chiang Mai,https://www.tourismthailand.org/Destinations/Provinces/Chiang-Mai/101,"Thailand - Chiang Mai. Activity: Visit Doi Suthep and local walking streets. Category: culture and markets. A strong fit for travelers who want temples, handicrafts, mountain-city scenery, and a calmer pace than Bangkok. Best time: cool season (november to february). Budget: low. Good for: culture_seekers, digital_nomads, budget_travelers. Keywords: Chiang Mai, Doi Suthep, walking street, markets, temples, Thailand."
AU001,Australia,AU,Oceania,Sydney,See Sydney Harbour icons and nearby beaches,city_highlights,"Ideal for travelers who want famous landmarks, harbor views, city energy, and easy access to beaches.","spring, autumn",6,high,yes,first_time_visitors|families|city_explorers,"Sydney, Opera House, Harbour Bridge, beaches, city, Australia",yes,Guide to Sydney,https://www.australia.com/en-us/places/sydney-and-surrounds/guide-to-sydney.html,"Australia - Sydney. Activity: See Sydney Harbour icons and nearby beaches. Category: city highlights. Ideal for travelers who want famous landmarks, harbor views, city energy, and easy access to beaches. Best time: spring, autumn. Budget: high. Good for: first_time_visitors, families, city_explorers. Keywords: Sydney, Opera House, Harbour Bridge, beaches, city, Australia."
AU002,Australia,AU,Oceania,Great Barrier Reef,"Snorkel, dive, or sail reef islands",nature_and_adventure,Best for marine-life lovers and outdoor travelers who want reef experiences ranging from easy cruises to diving adventures.,dry season (june to october),8,high,yes,adventure_travelers|nature_lovers|families,"Great Barrier Reef, snorkel, dive, sail, marine life, Australia",yes,Guide to the Great Barrier Reef,https://www.australia.com/en-us/places/cairns-and-surrounds/guide-to-the-great-barrier-reef.html,"Australia - Great Barrier Reef. Activity: Snorkel, dive, or sail reef islands. Category: nature and adventure. Best for marine-life lovers and outdoor travelers who want reef experiences ranging from easy cruises to diving adventures. Best time: dry season (june to october). Budget: high. Good for: adventure_travelers, nature_lovers, families. Keywords: Great Barrier Reef, snorkel, dive, sail, marine life, Australia."
AU003,Australia,AU,Oceania,Uluru,Watch sunrise or sunset and learn about Aboriginal culture,outback_and_culture,"Recommended for travelers seeking iconic landscapes, cultural context, and a memorable outback experience.",april to october,6,high,yes,nature_lovers|culture_seekers|road_trippers,"Uluru, Kata Tjuta, outback, sunrise, Aboriginal culture, Australia",yes,Guide to Uluru and Kata Tjuta,https://www.australia.com/en-us/places/alice-springs-and-surrounds/guide-to-uluru-and-kata-tjuta.html,"Australia - Uluru. Activity: Watch sunrise or sunset and learn about Aboriginal culture. Category: outback and culture. Recommended for travelers seeking iconic landscapes, cultural context, and a memorable outback experience. Best time: april to october. Budget: high. Good for: nature_lovers, culture_seekers, road_trippers. Keywords: Uluru, Kata Tjuta, outback, sunrise, Aboriginal culture, Australia."
US001,United States,US,North America,Yellowstone National Park,"See geysers, hot springs, and wildlife",national_parks,"A great option for travelers who want geothermal features, scenic drives, hiking, and wildlife watching in a major park.",late spring to early autumn,8,medium,yes,nature_lovers|road_trippers|families,"Yellowstone, Old Faithful, Grand Prismatic, wildlife, national park, USA",yes,Wyoming | Rugged Nature & Western Life,https://www.visittheusa.com/destinations/wyoming/,"United States - Yellowstone National Park. Activity: See geysers, hot springs, and wildlife. Category: national parks. A great option for travelers who want geothermal features, scenic drives, hiking, and wildlife watching in a major park. Best time: late spring to early autumn. Budget: medium. Good for: nature_lovers, road_trippers, families. Keywords: Yellowstone, Old Faithful, Grand Prismatic, wildlife, national park, USA."
US002,United States,US,North America,Hawaiʻi,"Experience volcanoes, beaches, and island culture",islands_and_nature,"Best for travelers who want a mix of beaches, dramatic landscapes, and culturally distinct island experiences.",year_round,8,high,yes,beach_lovers|nature_lovers|honeymooners,"Hawaii, volcanoes, beaches, island culture, surfing, USA",yes,"Hawaiʻi | Culture, Nature & Beautiful Beaches",https://www.visittheusa.com/destinations/hawaii/,"United States - Hawaiʻi. Activity: Experience volcanoes, beaches, and island culture. Category: islands and nature. Best for travelers who want a mix of beaches, dramatic landscapes, and culturally distinct island experiences. Best time: year_round. Budget: high. Good for: beach_lovers, nature_lovers, honeymooners. Keywords: Hawaii, volcanoes, beaches, island culture, surfing, USA."
US003,United States,US,North America,New Orleans,"Walk the French Quarter, hear live music, and take a riverboat cruise",music_and_culture,"A good fit for travelers seeking food, music, historic streets, and a city with a strong local identity.","spring, autumn",6,medium,moderate,foodies|music_lovers|culture_seekers,"New Orleans, French Quarter, live music, riverboat, food, USA",yes,"New Orleans | Music, Food and Culture",https://www.visittheusa.com/destinations/louisiana/new-orleans/,"United States - New Orleans. Activity: Walk the French Quarter, hear live music, and take a riverboat cruise. Category: music and culture. A good fit for travelers seeking food, music, historic streets, and a city with a strong local identity. Best time: spring, autumn. Budget: medium. Good for: foodies, music_lovers, culture_seekers. Keywords: New Orleans, French Quarter, live music, riverboat, food, USA."
AE001,United Arab Emirates,AE,Asia,Dubai,Go on a desert safari and dune adventure,desert_adventure,Strong choice for travelers who want a high-energy desert excursion with dune activities and sunset desert scenery.,november to march,6,high,yes,adventure_travelers|luxury_travelers|groups,"Dubai, desert safari, dunes, camel ride, adventure, UAE",yes,"Desert Safaris in Dubai - Top Operators, Ticket Prices & More",https://www.visitdubai.com/en/places-to-visit/desert-safari-dubai,"United Arab Emirates - Dubai. Activity: Go on a desert safari and dune adventure. Category: desert adventure. Strong choice for travelers who want a high-energy desert excursion with dune activities and sunset desert scenery. Best time: november to march. Budget: high. Good for: adventure_travelers, luxury_travelers, groups. Keywords: Dubai, desert safari, dunes, camel ride, adventure, UAE."
AE002,United Arab Emirates,AE,Asia,Dubai,Explore Old Dubai and its traditional souks,culture_and_markets,"Recommended for travelers who want heritage districts, markets, creekside culture, and a more traditional side of Dubai.",november to march,4,medium,yes,culture_seekers|foodies|first_time_visitors,"Old Dubai, souks, heritage, Al Fahidi, creek, UAE",yes,Discover Dubai's Old Town,https://www.visitdubai.com/en/articles/discover-dubais-old-town,"United Arab Emirates - Dubai. Activity: Explore Old Dubai and its traditional souks. Category: culture and markets. Recommended for travelers who want heritage districts, markets, creekside culture, and a more traditional side of Dubai. Best time: november to march. Budget: medium. Good for: culture_seekers, foodies, first_time_visitors. Keywords: Old Dubai, souks, heritage, Al Fahidi, creek, UAE."
AE003,United Arab Emirates,AE,Asia,Abu Dhabi,Visit Louvre Abu Dhabi and major cultural attractions,arts_and_museums,"Best for travelers who want architecture, museums, and a polished cultural stop beyond Dubai.",november to march,5,high,yes,art_lovers|culture_seekers|luxury_travelers,"Abu Dhabi, Louvre Abu Dhabi, museums, culture, architecture, UAE",yes,Things to do in Abu Dhabi | Activities,https://visitabudhabi.ae/en/things-to-do,"United Arab Emirates - Abu Dhabi. Activity: Visit Louvre Abu Dhabi and major cultural attractions. Category: arts and museums. Best for travelers who want architecture, museums, and a polished cultural stop beyond Dubai. Best time: november to march. Budget: high. Good for: art_lovers, culture_seekers, luxury_travelers. Keywords: Abu Dhabi, Louvre Abu Dhabi, museums, culture, architecture, UAE."
